title,price,store,sells,location,commentcount
"""12+512G2699元】Xiaomi/小米 Redmi K20Pro骁龙855红米K20手机官方旗舰全面屏4800万note8新5g尊享版9pro/k30""",2099.0,"""热图数码专营店""",616人收货,广东 深圳,2451.0
"""12期免息减1000元Huawei/华为 nova 5 Pro华为手机官方旗舰店正品5g全网通p20荣耀p30pro新款nova6直降mate20""",2499.0,"""三际数码官方旗舰店""",576人收货,山东 济南,3416.0
"""12期免息花呗分期付款】华为HONOR荣耀20青春版手机官方旗舰店20s正品8x直降9xpro新款9x华为荣耀20青春版""",1099.0,"""广东电信亿品汇专卖店""",621人收货,广东 深圳,546.0
"""2019新款 Nokia/诺基亚新106老人机直板按键功能机老年手机正品官方旗舰店经典怀旧学生备用儿童迷你小手机""",139.0,"""宸欣数码专营店""",1012人收货,广东 深圳,2678.0
"""2019新款 Nokia/诺基亚新106老人机直板按键功能机老年手机正品官方旗舰店经典怀旧学生备用儿童迷你小手机""",139.0,"""宸欣数码专营店""",1041人收货,广东 深圳,2669.0
"""24期分期/Huawei/华为 nova 4e 手机官方旗舰店p30官网正品nova4直降nova6 pro新品5i荣耀mate30华为128G手机""",1088.0,"""博海宇通数码专营店""",754人收货,北京,862.0
"""24期分期/Huawei/华为 nova 4e中移动手机正品官方旗舰店2 pro 4 3 3i  3e 5 4e直降 5i 5z 6 se""",1118.0,"""中国移动官方旗舰店""",651人收货,浙江 杭州,1038.0
"""24期分期/当天发【新品】Huawei/华为 华为畅享10 plus 手机官网官方旗舰店畅想10plus/Nova非5g正品手机降价""",1199.0,"""小淘器数码专营店""",746人收货,安徽 合肥,742.0
"""24期分期/送壕礼/质保3年/Huawei/华为 畅享9 PLUS中移动手机正品官方旗舰店 9S 9e  畅想MAX plus 9X 10""",868.0,"""中国移动官方旗舰店""",743人收货,浙江 杭州,2435.0
"""24期分期免息领100元券/华为HONOR 荣耀20手机官方旗舰店V20降价magic3官网正品11x青春9x直降30pro麒麟v30""",2199.0,"""三际数码官方旗舰店""",771人收货,山东 济南,3872.0
"""24期花呗免息可减430元/华为HONO 荣耀20PRO全面屏手机直降降价x9新荣耀20pro预售V20旗舰店20pro新品V30pro""",2699.0,"""三际数码官方旗舰店""",680人收货,山东 济南,2360.0
"""3期免息】Xiaomi/小米 小米CC 9E美图定制版cc9pro官方旗舰手机se""",918.0,"""龙通店""",835人收货,广东 深圳,3747.0
"""4+64G卖799元/Huawei/华为 畅享9 手机 华为官方旗舰店正品华为畅享9plus畅享10plus畅想9s荣耀老人 超长待机""",749.0,"""博海宇通数码专营店""",3028人收货,北京,3245.0
"""4G全网通尼凯恩 EN3C正品三防军工直板超长待机移动电信版老年机老人手机女款学生大屏大字大声按键备用手机""",99.0,"""尼凯恩旗舰店""",2907人收货,广东 深圳,8383.0
"""4G全网通微信触屏老人手机大字大声超长待机移动联通电信版老年机""",160.0,"""紫向日葵""",714人收货,北京,5167.0
"""4G全网通皓轩H5军工三防老人机超长待机女款大屏大字大声直板按键移动电信版老年手机正品学生功能天翼小手机""",39.0,"""皓轩手机旗舰店""",6500+人收货,广东 深圳,32336.0
"""4G全网通皓轩老人机超长待机直板男女大屏大字大声移动电信版老年机联通学生按键小型迷你备用天翼非智能手机""",49.0,"""皓轩天纵汇专卖店""",585人收货,广东 深圳,1357.0
"""5年换新/Nokia/诺基亚 105新ss老人机超长待机直板按键大字大声经典备用老年机学生儿童迷你小手机官方旗舰店""",139.0,"""天讯蓝图数码专营店""",3441人收货,广东 深圳,2899.0
"""6期免息当天发货Huawei/华为Mate30 Pro 5G版手机官方旗舰店正品p30新款40全网通曲面屏【限量送无线充电器】""",6399.0,"""乐哇数码专营店""",723人收货,上海,639.0
"""8+256G版2499起+送无线充 xiaomi/小米9手机 plus官方旗舰店9Pro5G网骁龙855透明红米K20pro尊享探索九cc9pro""",2499.0,"""三际数码官方旗舰店""",611人收货,山东 济南,5325.0
"""Apple/lPhone 6splus 苹.果6sp 苹.果6s手机7代7plus全网通正品4G""",920.0,"""金猪立业""",3173人收货,广东 深圳,744.0
"""Apple/lPhone 6splus 苹.果6sp 苹.果6s手机7代7plus全网通正品7p""",814.0,"""丰达电子通讯城""",959人收货,广东 深圳,816.0
"""Apple/lPhone 6splus 苹.果6sp 苹.果6s手机7代7plus全网通正品7p""",930.0,"""tb326255629""",4361人收货,广东 深圳,1417.0
"""Apple/lPhone 6splus 苹.果6sp 苹.果6s手机7代7plus全网通正品7p""",950.0,"""旅游数码欢乐坊""",5500+人收货,广东 深圳,4209.0
"""Apple/苹果 Apple iPhone 11 pro Max 移动联通电信全网通4G智能手机""",10899.0,"""洋桃旗舰店""",925人收货,浙江 杭州,401.0
"""Apple/苹果 Apple iPhone 11 移动联通电信全网通4G智能手机""",5499.0,"""洋桃旗舰店""",1.5万+人收货,浙江 杭州,4598.0
"""Apple/苹果 Apple iphone 11 pro 移动联通电信全网通4G智能手机""",9999.0,"""洋桃旗舰店""",799人收货,浙江 杭州,331.0
"""Apple/苹果 iPhone 11 Pro Max 新款iphone11 苹果11pro max手机""",3565.0,"""领域数码通讯""",796人收货,广东 深圳,1213.0
"""Apple/苹果 iPhone 11 Pro Max港版苹果11promax国行新款双卡手机""",3558.0,"""光头先僧""",663人收货,广东 深圳,1363.0
"""Apple/苹果 iPhone 11 Pro Max港韩日美版新款有锁手机双卡分期xs""",5049.0,"""zhuxiaoming1113""",579人收货,天津,1572.0
"""Apple/苹果 iPhone 11 Pro Max苹果11promax国行无锁美版三网手机""",3530.0,"""sayhay自营店""",1035人收货,上海,903.0
"""Apple/苹果 iPhone 11 Pro Max苹果11promax国行无锁美版三网手机""",3550.0,"""sayhay自营店""",1039人收货,上海,880.0
"""Apple/苹果 iPhone 7 Plus iPhone7国行三网通全新正品苹果7P手机""",2160.0,"""喜洋洋工作屋""",8500+人收货,广东 深圳,9080.0
"""Apple/苹果 iPhone 7 Plus全新7代5.5英寸全网通7P苹果8plus手机X""",1650.0,"""晨曦爱森林浴""",5500+人收货,上海,6291.0
"""Apple/苹果 iPhone 7 Plus国行美版苹果7代苹果7P5.5寸全网通手机""",1800.0,"""唯美气质淑女日韩馆""",8000+人收货,广东 深圳,17001.0
"""Apple/苹果 iPhone 8 Plus 全新正品国行美版三网通手机iPhone 8""",2600.0,"""喜洋洋工作屋""",6500+人收货,广东 深圳,4601.0
"""Apple/苹果 iPhone 8 Plus 全新正品国行美版三网通手机iPhone 8x""",1389.0,"""爱上一个少年""",1029人收货,广东 深圳,470.0
"""Apple/苹果 iPhone 8 Plus 全新正品国行美版三网通手机iPhone 8x""",1399.0,"""爱上一个少年""",1010人收货,广东 深圳,460.0
"""Apple/苹果 iPhone 8 Plus 全网通4G全新苹果8X手机128G 分期免息""",1398.0,"""zhimingyouhuo4""",3556人收货,广东 深圳,1559.0
"""Apple/苹果 iPhone 8 Plus 苹果8plus国行手机苹果8X iphone8租赁""",1389.0,"""爱上一个少年""",1151人收货,广东 深圳,783.0
"""Apple/苹果 iPhone 8 Plus苹果8P国行7代5.5英寸iPhone7苹果X手机""",1450.0,"""tb7002500_2011""",875人收货,上海,1841.0
"""Apple/苹果 iPhone X  苹果x iphonex  xs max苹果8x国行正品手机""",3600.0,"""朵儿妈的生活""",1004人收货,广东 深圳,1417.0
"""Apple/苹果 iPhone X  苹果x iphonex  xs max苹果8x国行正品手机""",3600.0,"""朵儿妈的生活""",999人收货,广东 深圳,1389.0
"""Apple/苹果 iPhone XR iphonexr 苹果XR手机 双卡双待 8x xs max""",2780.0,"""liubingtuan""",3365人收货,江苏 南京,5194.0
"""Apple/苹果 iPhone XR手机iphonexr双卡双待128g国行xs max 8x 4G""",3465.0,"""明辉手机2011""",874人收货,广东 深圳,1144.0
"""Apple/苹果 iPhone XR苹果xr国行正品双卡双待iphonexr全网通手机""",2780.0,"""cjnlmn""",904人收货,广东 深圳,392.0
"""Apple/苹果 iPhone XS Max 苹果xsmax苹果XR美版4G国行双卡手机8X""",3589.0,"""红红豆豆200988""",1052人收货,广东 深圳,2186.0
"""Apple/苹果 iPhone XS Max苹果xsmax苹果 xs xr双卡iPhonex 手机x""",3300.0,"""子轩_果果""",2896人收货,广东 深圳,2232.0
"""Apple/苹果 iPhone X苹果X手机5.8英寸国行美版iphone8plus全网通""",2170.0,"""晨曦爱森林浴""",658人收货,上海,232.0
"""DOOV/朵唯A55学生价游戏智能手机全面屏全网通老人老年新款上市官方旗舰安卓正品送适用oppo小米vivo华为耳机""",399.0,"""朵唯官方旗舰店""",828人收货,广东 深圳,652.0
"""DOOV/朵唯P9正品8核128GB全网通4G学生游戏超薄安卓双卡指纹全面水滴屏便宜老人老年智能手机男女款超长待机""",489.0,"""点点云购数码专营店""",1045人收货,广东 深圳,1100.0
"""DOOV/朵唯P9正品8核128GB全网通4G学生游戏超薄安卓双卡指纹全面水滴屏便宜老人老年智能手机男女款超长待机""",489.0,"""点点云购数码专营店""",1060人收货,广东 深圳,1076.0
"""DOOV/朵唯X11 Pro学生价游戏智能手机全面屏全网通千元官方旗舰新款上市曲面正品送适用oppo小米vivo华为耳机""",698.0,"""浩瑜数码专营店""",788人收货,广东 深圳,358.0
"""GINEEK/京立 L660移动翻盖手机联通电信老人机双卡大字大声老年机""",79.0,"""大爱百货专售""",815人收货,江苏 常州,5886.0
"""Huawei/华为 畅享5S老年人机智能手机全网通移动电信大屏大字大声""",300.0,"""砍头数码""",827人收货,广东 深圳,4122.0
"""Huawei/华为T2010全网通移动联通4G老人手机大声大字体电信老年机""",120.0,"""龙飞凤舞迎新春""",904人收货,广东 深圳,2262.0
"""K-Touch/天语 Q3 正品老人机超长待机三防军工直板老年手机大屏大字大声音移动联通版学生按键手机""",99.0,"""苏宁易购官方旗舰店""",760人收货,江苏 南京,3733.0
"""K-Touch/天语 T2老人机超长待机直板大屏大字大声老年手机学生功能移动按键手机 官方正品""",74.0,"""苏宁易购官方旗舰店""",741人收货,江苏 南京,18961.0
"""Nokia/诺基亚1110超长待机直板按键备用学生老人老款怀旧经典手机""",29.0,"""篮淋海""",630人收货,广东 深圳,192.0
"""OPPO A57全网通4G 双卡双待 A59指纹识别 智能手机 A37支持NFC""",342.0,"""一米阳光通讯城""",569人收货,广东 深圳,358.0
"""Philips/飞利浦 E212A翻盖老人手机超长待机大字大声大屏老年手机正品双屏商务手机男女备用学生按键老人机""",258.0,"""伟业恒通数码专营店""",3472人收货,广东 深圳,54815.0
"""SAILF R20全新上市正品2019新款手机智能超薄水滴屏4G全网通学生价安卓游戏全面屏送小米鼠oppo华为vivo耳机""",398.0,"""赛尔丰数码专营店""",607人收货,广东 深圳,200.0
"""SAILF R20全新智能手机2019新款上市4G全网通双卡双待安卓超薄水滴全面屏学生游戏送vivo小米鼠oppo华为耳机""",598.0,"""硕王鑫基汇专卖店""",599人收货,广东 深圳,821.0
"""Samsung/三星 GALAXY S8+plus 港版美版s8全网通4G曲面屏智能手机""",1280.0,"""专业灯光设备""",625人收货,上海,2213.0
"""Samsung/三星 Galaxy S10+ SM-G9750三星S10美版港版手机note10""",2458.0,"""小萝卜通讯""",875人收货,上海,4483.0
"""VOVG X27超薄水滴全面屏安卓大屏游戏4G全网通智能手机电信学生价""",358.0,"""齐胜通讯""",1.0万+人收货,广东 深圳,32711.0
"""Xiaomi/小米 Redmi K30 5G骁龙855plus 红米k30pro官方尊享5g手机""",1438.0,"""69铺小a""",840人收货,广东 深圳,563.0
"""Xiaomi/小米 小米CC 9美图定制版cc9pro小仙女手机官方尊享9e""",918.0,"""heatlinda""",801人收货,广东 深圳,6861.0
"""YEPEN/誉品 M560 正品4G全网通老年机翻盖手机大屏大字大声老人手机超长待机男女款移动诺基亚学生官方旗舰店""",99.0,"""誉品旗舰店""",1029人收货,广东 深圳,571.0
"""YEPEN/誉品 M560 正品4G全网通老年机翻盖手机大屏大字大声老人手机超长待机男女款移动诺基亚学生官方旗舰店""",99.0,"""誉品旗舰店""",1092人收货,广东 深圳,611.0
"""YEPEN/誉品N2卡片直板手机超薄非智能戒网迷你超小袖珍学生男女备用儿童初中只能接打电话电信联通4G抖音同款""",118.0,"""誉品广联专卖店""",806人收货,广东 深圳,6873.0
"""[4G全网通]纽曼 L8S军工三防老人机超长待机正品老年手机大屏大字大声音移动电信版学生女按键直板诺基亚手机""",58.0,"""深圳易乐购数码专营店""",6000+人收货,广东 深圳,61615.0
"""[送座充] 纽曼 M6老年手机超长待机正品老人手机大屏大字大声音按键直板老人机移动电信版诺基亚功能女老年机""",148.0,"""纽曼深圳专卖店""",3439人收货,广东 深圳,11064.0
"""vivo S1Pro3200万高清自拍全面屏智能拍照手机官方旗舰店官网新款上市s1pro  s1 x27""",1698.0,"""vivo官方旗舰店""",702人收货,广东 东莞,4975.0
"""vivo X9S 全网通Y66原装正品y67面部解锁x9plus智能vivoX20手机x9""",448.0,"""馨宛阁""",612人收货,广东 广州,189.0
"""vivo Z5x极点全面屏高通骁龙710大电池智能手机官方正品手机新品vivoz5x限量版 z3x""",1298.0,"""vivo官方旗舰店""",1.5万+人收货,广东 东莞,109104.0
"""vivo Z5新品vivoz5限量版智能手机官方正品旗舰店官网屏幕指纹学生新款vivoz5x z3x""",1398.0,"""vivo官方旗舰店""",9500+人收货,广东 东莞,48995.0
"""vivo iQOO Pro 5G版全网通手机vivoiqoopro iqoopro 5g iq00 iqqo""",3198.0,"""yy_sky_2008""",580人收货,广东 东莞,1662.0
"""vivo y67全网通4G手机指纹y66超薄大屏全新老年机学生新品VIVOY67""",340.1,"""镰刀斧头t""",677人收货,广东 深圳,457.0
"""vivo y67全网通手机指纹 vivoy67手机Y66手机美颜拍照VIVO Y67""",375.0,"""品骏数码商城""",575人收货,广东 深圳,234.0
"""vjvj X21S正品学生价水滴全面屏安卓指纹游戏电信全网通智能手机""",368.0,"""华信通商城""",8500+人收货,广东 深圳,6438.0
"""【1.6-1.10享24期免息】HUAWEI/华为Mate30 全网通4G智能手机麒麟990徕卡拍照手机旗舰新品官方正品""",3999.0,"""苏宁易购官方旗舰店""",1082人收货,江苏 南京,2799.0
"""【1.6-1.10享24期免息】HUAWEI/华为Mate30 全网通4G智能手机麒麟990徕卡拍照手机旗舰新品官方正品""",4299.0,"""苏宁易购官方旗舰店""",1049人收货,江苏 南京,2778.0
"""【1.6日下单立省100丨3期免息】Meitu/美图T9美少女战士限量版T9樱桃小丸子T9哆啦A梦T9幻彩版手机""",1299.0,"""美图旗舰店""",576人收货,福建 厦门,5285.0
"""【1.6至高立省300】realme 真我X2四摄骁龙730G 30W闪充屏下指纹 NFC全网通realmeX2学生老人手机""",1399.0,"""苏宁易购官方旗舰店""",630人收货,江苏 南京,2597.0
"""【1199起限量抢】红米note8pro 6400万四摄全面屏智能学生小米官方旗舰正品手机 k30 红米note7 红米note8""",1299.0,"""苏宁易购官方旗舰店""",4168人收货,江苏 南京,6705.0
"""【128GB享24期免息】华为旗下HONOR/荣耀20青春版AMOLED屏幕指纹手机官方旗舰店新品9全新X正品20""",1699.0,"""荣耀官方旗舰店""",586人收货,广东 深圳,1286.0
"""【1月6日 24期免息 抢礼盒】华为旗下HONOR/荣耀V30双模5G麒麟990旗舰芯片突破性相机矩阵PRO拍照手机官方店""",3299.0,"""荣耀官方旗舰店""",6500+人收货,广东 深圳,4275.0
"""【1月6日低至1199起】红米note8pro6400万4500mAh大电量小米手机redmi拍照智能学生小米官方旗舰店xiaomi""",1299.0,"""小米官方旗舰店""",1.0万+人收货,北京,42556.0
"""【200优惠券+送好礼】Huawei/华为 nova 5 Pro新款手机官方旗舰店降价5g全网通mate30官网prop30正品5i荣耀6""",2599.0,"""蓝港数码专营店""",993人收货,广东 深圳,3475.0
"""【200优惠券+送好礼】Huawei/华为 nova 5 Pro新款手机官方旗舰店降价5g全网通mate30官网prop30正品5i荣耀6""",2699.0,"""蓝港数码专营店""",995人收货,广东 深圳,3464.0
"""【24期免息 赠蓝牙音箱】OPPO Reno2 Z全面屏正品官方旗舰新品全网通4800万超清拍照智能手机R15 R17""",2299.0,"""oppo官方旗舰店""",1039人收货,广东 东莞,731.0
"""【24期免息 赠蓝牙音箱】OPPO Reno2 Z全面屏正品官方旗舰新品全网通4800万超清拍照智能手机R15 R17""",2299.0,"""oppo官方旗舰店""",1121人收货,广东 东莞,760.0
"""【24期免息+1年碎屏险】OPPO Reno opporeno手机旗舰oppo新款上市opporeno2 10倍变焦oppor17 未来findx手机""",2499.0,"""oppo熊鑫专卖店""",780人收货,上海,2963.0
"""【24期免息】Apple/苹果 iPhone 11 Pro MAX 2019新品 全网通手机 苹果11promax 拍照智能手机""",9599.0,"""绿森数码官方旗舰店""",648人收货,浙江 杭州,396.0
"""【24期免息】华为HONOR/荣耀V30双模5G麒麟990苏宁易购官方旗舰店全新正品华为v30手机双模5g""",3299.0,"""苏宁易购官方旗舰店""",845人收货,江苏 南京,390.0
"""【24期免息赠蓝牙音箱】OPPO Reno2全面屏4800万变焦四摄超清拍照视频防抖智能手机官方旗舰店opporeno2 r17""",2999.0,"""oppo官方旗舰店""",1141人收货,广东 东莞,6549.0
"""【3+32G低至599】红米8A 大电量大屏幕智能游戏学生老年人手机小米官方旗舰店官网redmi红米8a正品""",599.0,"""小米官方旗舰店""",688人收货,北京,986.0
"""【4+64G低至699】红米8A 新品大电量大屏幕智能游戏学生老年人小米官方旗舰店正品手机红米8a 7a""",599.0,"""苏宁易购官方旗舰店""",3274人收货,江苏 南京,4301.0
"""【4G全网通】YEPEN/誉品 Y550正品老年手机老人机超长待机大字大声大屏移动联通电信男女按键小学生功能手机""",49.0,"""誉品旗舰店""",6500+人收货,广东 深圳,23591.0
"""【4G全网通】中兴守护宝L105老人机超长待机直板女款大屏大字大声音移动电信版中老年手机正品学生按键小手机""",69.0,"""嘉宇金成数码专营店""",3644人收货,广东 深圳,11442.0
"""【4G全网通】关爱心G3正品老人机超长待机老年手机大屏大字大声音移动联通电信版直板女款诺基亚功能按键手机""",59.0,"""关爱心旭光明专卖店""",2979人收货,广东 深圳,1610.0
"""【4G全网通】创星S1C老年手机超长待机大屏大字大声音移动联通电信版正品直板按键军工三防学生女款老人机""",168.0,"""炜广天成数码专营店""",655人收货,广东 深圳,1847.0
"""【4G全网通】创星S1老人机超长待机正品直板军工三防诺基亚学生女款按键移动电信版大屏大字大声音老年手机""",58.0,"""炜广天成数码专营店""",5500+人收货,广东 深圳,116746.0
"""【4G全网通】创星S9老人机超长待机直板女款大屏大字大声音移动电信版老年手机正品联通学生诺基亚按键小手机""",88.0,"""优机汇数码专营店""",597人收货,广东 深圳,354.0
"""【4G全网通】尼凯恩 EN3正品老人机超长待机三防军工直板老年手机大屏大字大声音移动联通电信版学生按键手机""",69.0,"""尼凯恩旗舰店""",2.5万+人收货,广东 深圳,437841.0
"""【4G全网通】纽曼 M560正品老人机超长待机直板老年手机大屏大字大声音移动联通电信版女学生功能按键小手机""",69.0,"""创于佳讯数码专营店""",3.5万+人收货,广东 深圳,413536.0
"""【4G全网通】纽曼 l6+老人机超长待机大屏大字大声音按键直板移动电信版中老年手机学生女正品联通儿童小手机""",59.0,"""纽曼深圳专卖店""",9500+人收货,广东 深圳,134966.0
"""【4G全网通】纽曼S9老人机超长待机军工三防正品移动联通电信版老年手机大屏大字大声按键学生款诺基亚智能机""",128.0,"""纽曼幸福专卖店""",914人收货,广东 深圳,3591.0
"""【6+64GB低至1299】华为HONOR/荣耀9X麒麟810芯片4800万双摄升降式全面屏手机苏宁易购官方旗舰店Pro""",1099.0,"""苏宁易购官方旗舰店""",4464人收货,江苏 南京,13459.0
"""【6+64GB低至999】华为honor/荣耀8X全面大屏幕指纹解锁智能游戏青春学生老人手机官方旗舰店9X""",999.0,"""苏宁易购官方旗舰店""",859人收货,江苏 南京,35417.0
"""【64G闪降120元】Xiaomi/小米红米8A手机 Redmi8A官方旗舰店7A官网红米8pro6老人学生note7pro 骁龙439 note5""",659.0,"""三际数码官方旗舰店""",877人收货,山东 济南,1292.0
"""【699】红米8 大电量智能学生老年人全网通小米官方旗舰官网正品新品红米手机 红米7 8a""",699.0,"""苏宁易购官方旗舰店""",606人收货,江苏 南京,432.0
"""【6号 0点前1000名送好礼】华为旗下HONOR/荣耀V20新品全视屏麒麟980处理器4800万AI摄影手机官方旗舰店v30""",1699.0,"""荣耀官方旗舰店""",9500+人收货,广东 深圳,90019.0
"""【6号享24期免息】小米CC9 Pro 1亿像素五摄双光学防抖拍照新品小米官方旗舰正品小米cc9pro 小米9 红米手机""",2599.0,"""苏宁易购官方旗舰店""",799人收货,江苏 南京,379.0
"""【6日 0点前1000名送好礼】华为旗下HONOR/荣耀20i 3200万AI自拍渐变色官方旗舰店珍珠全面屏正品学生手机""",999.0,"""荣耀官方旗舰店""",4778人收货,广东 深圳,65716.0
"""【6日 0点前1000名送好礼】华为旗下HONOR/荣耀Play3 麒麟710F八核全网通智能畅玩手机官方旗舰店全新正品""",899.0,"""荣耀官方旗舰店""",4805人收货,广东 深圳,14390.0
"""【6日 0点前1000名送好礼】华为旗下HONOR/荣耀畅玩8A 6.09英寸珍珠全面屏智能手机官网正品学生官方旗舰店""",599.0,"""荣耀官方旗舰店""",4654人收货,广东 深圳,24164.0
"""【6日 0点前1000送好礼】华为旗下HONOR/荣耀20全面屏超广角AI四摄麒麟980芯片智能拍照手机正品PRO手机v30""",2099.0,"""荣耀官方旗舰店""",9000+人收货,广东 深圳,92274.0
"""【6日 0点前1000送好礼】华为旗下HONOR/荣耀8X Max官网全新正品智能商务学生游戏全面屏双摄手机官方旗舰店""",999.0,"""荣耀官方旗舰店""",3119人收货,广东 深圳,41203.0
"""【6日 0点前1000送好礼】华为旗下HONOR/荣耀8X全面屏手机屏占比高达91%智能学生青春正品官方旗舰店10青春""",999.0,"""荣耀官方旗舰店""",5500+人收货,广东 深圳,251711.0
"""【6日 0点前1000送好礼】华为旗下HONOR/荣耀Magic2滑盖全面屏官网正品超级快充麒麟980官方旗舰店新手机v20""",1699.0,"""荣耀官方旗舰店""",1040人收货,广东 深圳,11016.0
"""【6日 0点前1000送好礼】华为旗下HONOR/荣耀Magic2滑盖全面屏官网正品超级快充麒麟980官方旗舰店新手机v20""",1699.0,"""荣耀官方旗舰店""",9500+人收货,广东 深圳,27656.0
"""【6日0点前1000送好礼】华为旗限时低至1099元下HONOR/荣耀9X麒麟810芯片4800万超清双摄手机官方旗舰店正品""",1099.0,"""荣耀官方旗舰店""",3.0万+人收货,广东 深圳,149637.0
"""【6日24期免息 领券省200】vivo iQOO Pro 5G骁龙855Plus游戏全面屏指纹旗舰vivoiqoopro5g手机iqoopro iqoo""",3198.0,"""苏宁易购官方旗舰店""",568人收货,江苏 南京,2049.0
"""【6日24期免息享10重礼】vivo X30双模5G专业影像旗舰50mm人像技术手机官方旗舰正品新款vivox30 5g新品手机""",3298.0,"""苏宁易购官方旗舰店""",668人收货,江苏 南京,259.0
"""【6日4+64G立省100】红米note8 4800万四摄拍照游戏学生智能手机redmi全面屏pro小米官方旗舰店正品7xiaomi""",999.0,"""小米官方旗舰店""",1.5万+人收货,北京,39168.0
"""【6日享24期免息】红米k20 pro尊享版骁龙855Plus大存储学生智能游戏手机30小米官方旗舰店redmi正品""",2799.0,"""小米官方旗舰店""",1.0万+人收货,北京,16946.0
"""【6日享24期免息】红米k20pro尊享版骁龙855Plus大存储智能游戏学会手机小米官方旗舰店redmi正品xiaomi""",2799.0,"""小米官方旗舰店""",954人收货,北京,11455.0
"""【6日优惠100元+套餐赠耳机】OPPOReno Ace骁龙855plus智能游戏手机全面屏65W闪充官方旗舰店opporeno3""",2999.0,"""苏宁易购官方旗舰店""",806人收货,江苏 南京,4580.0
"""【6日低至539起】红米7A大电量大字体大音量智能拍照学生老年人小米官方旗舰店官网正品xiaomi红米小米手机""",539.0,"""小米官方旗舰店""",613人收货,北京,1913.0
"""【6日低至539起】红米7A大电量大字体大音量智能拍照学生老年人小米官方旗舰店官网正品xiaomi红米小米手机""",579.0,"""小米官方旗舰店""",4027人收货,北京,20960.0
"""【6日低至699起】红米8 5000mAh大电量智能全面屏学生老年人全网通手机小米官方旗舰店redmi8官网小米手机""",749.0,"""小米官方旗舰店""",4169人收货,北京,3188.0
"""【6日全版本立省100】红米8A 大电量大屏幕智能游戏学生老年人手机小米官方旗舰店官网redmi红米8a正品""",599.0,"""小米官方旗舰店""",1.5万+人收货,北京,21135.0
"""【6日开抢！ 6+128G省300元赠充电宝】小米CC9e4800万全面屏手机拍照游戏学生指纹小米官方旗舰店正品xiaomi""",1099.0,"""小米官方旗舰店""",726人收货,北京,1545.0
"""【6日开抢！6+128G省300元赠充电宝】小米CC9e 4800万全面屏手机拍照游戏学生小米官方旗舰店正品Xiaomi""",1199.0,"""小米官方旗舰店""",7000+人收货,北京,13434.0
"""【6日立减200+套餐赠耳机】OPPOK5 6400万超清像素四摄高通骁龙730G美颜拍照VOOC闪充 4G全网通手机oppok5""",1799.0,"""苏宁易购官方旗舰店""",3128人收货,江苏 南京,3517.0
"""【6日购机赠耳机】红米k30 索尼6400万大电量120Hz智能游戏学生手机K20升级redmi小米官方旗舰店网正品xiaomi""",1699.0,"""小米官方旗舰店""",2.0万+人收货,北京,8849.0
"""【6期免息/当天发+送天猫方糖】红米K30手机 Xiaomi/小米 RedmiK30官方旗舰店网9pro5G版K20pro尊享版 K30pro""",1599.0,"""三际数码官方旗舰店""",913人收货,山东 济南,365.0
"""【899起】红米note8 4800万四摄全面屏手机拍照智能学生红米note7小米官方旗舰正品红米k30 note8pro""",899.0,"""苏宁易购官方旗舰店""",3414人收货,江苏 南京,5664.0
"""【下单减300】OPPO Reno Ace opporenoace手机新款上市oppoace新品reno2 0ppofind未来xr17pro 0pp0reno r19""",2999.0,"""oppo平实专卖店""",1004人收货,广东 广州,2304.0
"""【下单减300】OPPO Reno Ace opporenoace手机新款上市oppoace新品reno2 0ppofind未来xr17pro 0pp0reno r19""",2999.0,"""oppo平实专卖店""",1024人收货,广东 广州,2341.0
"""【下单立减189元】Apple/苹果 iPhone 8 Plus 64G 全网通4G手机 官方正品苹果iPhone8plus 苹果8p""",4388.0,"""苏宁易购官方旗舰店""",717人收货,江苏 南京,234144.0
"""【下单立减200元】Apple/苹果 iPhone 8 128G 移动联通电信全网通4G智能手机 苹果8手机""",3999.0,"""苏宁易购官方旗舰店""",642人收货,江苏 南京,1569.0
"""【下单立减200赠耳机】OPPO K5全面屏6400万四摄4G拍照游戏智能手机官方旗舰店正品oppok5 k3 k1""",1799.0,"""oppo官方旗舰店""",1.0万+人收货,广东 东莞,15214.0
"""【下单立减400元】Apple/苹果 iPhone 11 移动联通电信4G全网通智能手机正品苏宁易购官方旗舰店Store苹果11""",5499.0,"""苏宁易购官方旗舰店""",2984人收货,江苏 南京,2918.0
"""【下单至高省100】vivo U3x新品vivou3x千元拍照智能手机大电池官方旗舰店官网正品学生老人u1 y93""",799.0,"""vivo官方旗舰店""",9500+人收货,广东 东莞,16413.0
"""【下单至高省100】vivo iQOO Neo 高通骁龙845处理器游戏指纹全面屏智能手机正品vivoiqooneo iqooneo 新iqoo""",2098.0,"""vivo官方旗舰店""",897人收货,广东 东莞,29370.0
"""【下拉详情页跳转链接享24期免息】小米CC9美图定制版智能游戏学生女性手机大屏大字小米官方旗舰店xiaomi""",1999.0,"""小米官方旗舰店""",1000人收货,北京,1875.0
"""【下拉详情页跳转链接享24期免息】小米CC9美图定制版智能游戏学生女性手机大屏大字小米官方旗舰店xiaomi""",1999.0,"""小米官方旗舰店""",1024人收货,北京,1887.0
"""【享12期免息+优惠100+乐心手环】Huawei/华为P30麒麟980芯片4000万徕卡三摄超感光录像全面屏时尚手机""",3388.0,"""苏宁易购官方旗舰店""",884人收货,江苏 南京,12366.0
"""【享24期免息】SMARTISAN/锤子坚果Pro3 855Plus大电池四摄智能手机官方旗舰坚果""",2399.0,"""苏宁易购官方旗舰店""",698人收货,江苏 南京,841.0
"""【享24期免息】SMARTISAN/锤子坚果Pro3手机 新品高通骁龙855Plus大电池四摄智能手机官方旗舰店""",2599.0,"""坚果手机旗舰店""",1105人收货,广东 深圳,1665.0
"""【低至1699元】华为旗下HONOR/荣耀Magic2滑盖全面屏官网正品超级快充麒麟980官方旗舰店新手机v20""",1699.0,"""荣耀官方旗舰店""",1159人收货,广东 深圳,11033.0
"""【低至699元送耳机】OPPO A5手机全面屏oppoa5全新手机oppo限量超薄 a5 oppok1手机a57 a9 a3 r15 a7x 0ppo""",699.0,"""佳惠兴通数码专营店""",628人收货,广东 深圳,5375.0
"""【分期免息】Apple/苹果 iPhone 8 Plus 4G国行8代苹果8p手机""",2200.0,"""zhongweixin8250""",4199人收货,广东 深圳,5432.0
"""【分期免息】Apple/苹果 iPhone X 全新8国行4G全网通iPhonex手机""",2290.0,"""潮流3号线""",779人收货,广东 深圳,262.0
"""【分期免息】Apple/苹果 iPhone X 苹果8x全新正品国行全网通手机""",3600.0,"""tao88108813""",3033人收货,广东 深圳,2416.0
"""【分期免息】Apple/苹果 iPhone XR iphonexr 苹果XR双卡双待手机""",2780.0,"""七分钟年华不老""",728人收货,江苏 南京,1909.0
"""【可减240元+当天发】华为honor/荣耀Play3手机全网通plya3e官方旗舰店官网新款piay3全新正品新荣耀paly3""",539.0,"""广东电信亿品汇专卖店""",853人收货,广东 深圳,678.0
"""【可减350元+当天发】华为HONOR 荣耀9X系列麒麟810全网通手机全新官方旗舰店官网9xpro正品新款x9华为荣耀9x""",1099.0,"""广东电信亿品汇专卖店""",3332人收货,广东 深圳,8907.0
"""【可减450元直降免息】华为honor/荣耀 荣耀V20手机麒麟980官方旗舰店官网正品降价新品v30pro联名版magic3""",1759.0,"""蓝港数码专营店""",863人收货,广东 深圳,2474.0
"""【可减460元当天发货】华为HONOR荣耀V20手机麒麟980官方旗舰店官网正品降价新品v20pro联名版magic3分期免息""",1749.0,"""广东电信亿品汇专卖店""",1024人收货,广东 深圳,2310.0
"""【可减460元当天发货】华为HONOR荣耀V20手机麒麟980官方旗舰店官网正品降价新品v20pro联名版magic3分期免息""",1749.0,"""广东电信亿品汇专卖店""",988人收货,广东 深圳,2288.0
"""【可省300 新款上市】OPPO K5 oppok5新品手机oppo未来x oppok5 oppok7 k3 oppoa9 a11 oppor17 r19 0ppo手机""",1799.0,"""三际数码官方旗舰店""",926人收货,山东 济南,2532.0
"""【可省300】OPPO Reno Ace opporenoace手机新款上市oppoace 0ppo未来x opporeno2 oppor17pro r19 reno2z 3""",2999.0,"""三际数码官方旗舰店""",717人收货,山东 济南,2674.0
"""【咨询低至858元起】华为HONOR荣耀10青春版全面屏手机降价9x三际20i官方旗舰店play3官网20s爆款11x正品8x""",858.0,"""三际数码官方旗舰店""",672人收货,山东 济南,10417.0
"""【填登录手机号】10元/月百度网盘普通会员1个月卡百度云自动充值""",10.0,"""百度网盘旗舰店""",873人收货,北京,8686.0
"""【填登录手机号】28.7/月百度网盘超级会员3个月SVIP季卡自动充值""",86.0,"""百度网盘旗舰店""",2995人收货,北京,2721.0
"""【官方正品】纽曼 L99S 4G移动电信版老年手机大字大声男女款小巧直板按键大屏老人手机非智能学生机超长待机""",68.0,"""纽曼易为理想专卖店""",1154人收货,广东 深圳,3311.0
"""【年货节 100优惠券】Huawei/华为 P30全面屏超感光徕卡三摄变焦双景录像980芯片智能手机p30华为官方旗舰店""",3388.0,"""华为官方旗舰店""",9500+人收货,广东 深圳,77000.0
"""【年货节 12期免息】Huawei/华为nova 5 Pro超级夜景4800万AI四摄超广角智能手机nova5pro华为官方旗舰店""",2899.0,"""华为官方旗舰店""",1.0万+人收货,广东 深圳,71749.0
"""【年货节 24期免息】Huawei/华为Mate 30 5G麒麟990超感光徕卡三摄5G智能手机mate305g官方旗舰店""",4999.0,"""华为官方旗舰店""",1.0万+人收货,广东 深圳,21877.0
"""【年货节 24期免息】Huawei/华为Mate 30 Pro 5G麒麟990徕卡四摄5G芯片智能手机mate30pro5g官方旗舰店""",6399.0,"""华为官方旗舰店""",1.5万+人收货,广东 深圳,34910.0
"""【年货节 24期免息】Huawei/华为Mate 30 Pro超级快充麒麟990徕卡四摄4G智能手机mate30pro官方旗舰店""",5799.0,"""华为官方旗舰店""",2908人收货,广东 深圳,21104.0
"""【年货节 24期免息】Huawei/华为Mate 30麒麟990超级快充4000万徕卡4G智能手机mate30华为官方旗舰店""",3999.0,"""华为官方旗舰店""",7500+人收货,广东 深圳,18191.0
"""【年货节 300优惠券】Huawei/华为 nova 5超级夜景4800万AI四摄超级快充智能手机nova5华为官方旗舰店""",2599.0,"""华为官方旗舰店""",629人收货,广东 深圳,6941.0
"""【年货节 4+128G直降100】Huawei/华为畅享10 Plus超清全视屏4800万三摄智能手机华为官方旗舰店畅享10plus""",1399.0,"""华为官方旗舰店""",1.0万+人收货,广东 深圳,30435.0
"""【年货节 优惠800】Huawei/华为 Mate 20 Pro 曲面屏后置徕卡三摄980芯片智能手机mate20pro华为官方旗舰店""",4599.0,"""华为官方旗舰店""",729人收货,广东 深圳,66105.0
"""【年货节 最高直降200】Huawei/华为 畅享9 Plus 全面屏超清大屏四摄学生智能手机畅享9p""",1299.0,"""华为官方旗舰店""",653人收货,广东 深圳,142201.0
"""【年货节 最高直降200】Huawei/华为nova 5i Pro全面屏超广角4800万AI四摄手机nova5ipro华为官方旗舰店""",2099.0,"""华为官方旗舰店""",3784人收货,广东 深圳,21166.0
"""【年货节 最高直降200】Huawei/华为畅享9e全面屏珍珠屏千元智能手机华为正品官方智能手机华为官方旗舰店""",699.0,"""华为官方旗舰店""",9500+人收货,广东 深圳,39242.0
"""【年货节 直降200】Huawei/华为nova 5z 快充AI4800万四摄人像超级夜景128G大内存智能手机华为官方旗舰店""",1799.0,"""华为官方旗舰店""",8500+人收货,广东 深圳,17064.0
"""【年货节 直降300】Huawei/华为 畅享 8e 青春版 4G高清全面屏正品智能学生老人游戏手机""",799.0,"""华为官方旗舰店""",3761人收货,广东 深圳,91263.0
"""【年货节 立减100】Huawei/华为麦芒 8全面屏AI三摄超级夜景智能手机华为正品官方手机华为官方旗舰店""",1599.0,"""华为官方旗舰店""",669人收货,广东 深圳,7039.0
"""【年货节优惠200元】Samsung/三星 Galaxy M30s SM-M3070 6000大毫安电池 智能拍照娱乐视频4G手机""",1699.0,"""三星官方旗舰店""",973人收货,北京,1891.0
"""【年货节优惠200元】Samsung/三星 Galaxy M30s SM-M3070 6000大毫安电池 智能拍照娱乐视频4G手机""",1699.0,"""三星官方旗舰店""",996人收货,北京,1914.0
"""【年货节立减400 24期免息 送45W快充】Samsung/三星Galaxy Note10+SM-N9760 5G骁龙855 S Pen智能防水手机""",7999.0,"""三星官方旗舰店""",756人收货,北京,5837.0
"""【当天发直降200/分期免息】Huawei/华为畅享10 plus华为官方旗舰店官网荣耀9x畅想9plus华为10plus手机NOVA5""",999.0,"""久汇数码专营店""",851人收货,广东 深圳,1338.0
"""【新品】新Nokia/诺基亚105 新SS官方正品直板按键迷你功能手机经典学生老人机老年机功能机备用机官方旗舰""",139.0,"""苏宁易购官方旗舰店""",3823人收货,江苏 南京,4211.0
"""【新品上市 6期免息】Huawei/华为 nova 6 SE超级快充4800万AI四摄大运存智能手机华为官方旗舰店""",2199.0,"""华为官方旗舰店""",7500+人收货,广东 深圳,1301.0
"""【新品上市 享24期免息】OPPO Reno3双模5G全面屏智能手机 6400万像素超薄VOOC闪充官方旗舰店opporeno3""",3399.0,"""oppo官方旗舰店""",864人收货,广东 东莞,259.0
"""【新品上市立减300】OPPO K5 oppok5新款手机限量版oppo未来x 0ppok5 k3k7 0pp0k1 oppor17 r19 r15 a9x a7a5""",1799.0,"""oppo聚洪欧珀专卖店""",621人收货,湖北 武汉,1495.0
"""【晒单有礼】OPPO A5 全面屏AI双摄美颜拍照长续航正品学生老人智能全网通4G手机oppoa5""",899.0,"""oppo官方旗舰店""",656人收货,广东 东莞,400.0
"""【热销爆款】上海中兴守护宝L550老人机超长待机直板老人手机大屏大字大声移动联通电信版老年手机正品学生机""",86.0,"""苏宁易购官方旗舰店""",2884人收货,江苏 南京,10004.0
"""【百亿补贴3+32G闪降120元】Xiaomi/小米 Redmi 红米8A小米官方旗舰店官网正品note8pro学生智能千元老人手机""",579.0,"""卓瓦数码专营店""",1074人收货,上海,712.0
"""【百亿补贴3+32G闪降120元】Xiaomi/小米 Redmi 红米8A小米官方旗舰店官网正品note8pro学生智能千元老人手机""",579.0,"""卓瓦数码专营店""",1111人收货,上海,724.0
"""【直降200】Huawei/华为 nova 5 Pro 新款手机官方旗舰店官网降价5g全网通mate30pro智能手机p30正品5i荣耀6""",2499.0,"""京合旗舰店""",3090人收货,安徽 合肥,7781.0
"""【直降200】OPPO A11 oppoa11手机新款上市opop新品a11x a5 a9x a7x r9 r15x k3 k1 0ppo手机旗舰正品0pp0a11""",1299.0,"""智宏新创数码专营店""",748人收货,北京,381.0
"""【直降470】华为honor/荣耀 荣耀V30 Pro 5G手机v30荣耀5G版手机3""",2998.0,"""绝对诚信qq464547963""",686人收货,广东 深圳,1089.0
"""【直降470元】华为honor/荣耀 荣耀V30 Pro5G手机v30荣耀5g版新""",2998.0,"""heatlinda""",840人收货,广东 深圳,1137.0
"""【立减471元】华为honor/荣耀 荣耀V30 Pro5G手机v30荣耀5g版手机""",2998.0,"""wezebaba""",789人收货,广东 深圳,872.0
"""【自提返现300元】 Apple苹果iPhone 11移动联通电信全网通智能4G手机官方官网X旗舰店7 11pro xr""",5299.0,"""武汉电信旗舰""",699人收货,湖北 武汉,559.0
"""【至高省240】华为HONOR 荣耀Play3全网通手机官方旗舰店20i正品8x降价9xpro麒麟710新款paly3荣耀10青春v30""",699.0,"""博海宇通数码专营店""",1028人收货,广东 深圳,776.0
"""【至高省240】华为HONOR 荣耀Play3全网通手机官方旗舰店20i正品8x降价9xpro麒麟710新款paly3荣耀10青春v30""",699.0,"""博海宇通数码专营店""",1080人收货,广东 深圳,799.0
"""【至高省300】vivo iQOO Neo 855高通骁龙855处理器游戏指纹智能手机vivoiqooneo iqooneo vivo新iqoo 限量版""",1998.0,"""vivo官方旗舰店""",5500+人收货,广东 东莞,14018.0
"""【至高省800享24期免息】vivo iQOO Pro 5G高通骁龙855Plus处理器游戏指纹新品手机iqoopro vivoiqoo 限量版""",3298.0,"""vivo官方旗舰店""",4823人收货,广东 东莞,15836.0
"""【送天猫精灵】Oppo K5 oppok5手机oppo未来x oppok5新款上市k3 k7 oppok1 oppor17 r19 r15 a9x a7 a5""",1799.0,"""oppo金谷专卖店""",755人收货,广东 深圳,1895.0
"""【送座充】创星手机 Z9老人机翻盖手机超长待机正品老年手机大屏大字声音大移动电信版按键学生男女款小手机""",139.0,"""赫尔曼数码专营店""",985人收货,广东 深圳,908.0
"""【送座充】创星手机 Z9老人机翻盖手机超长待机正品老年手机大屏大字声音大移动电信版按键学生男女款小手机""",139.0,"""赫尔曼数码专营店""",991人收货,广东 深圳,938.0
"""【降价低至888元起】华为HONOR 荣耀8X全面屏手机官方旗舰店降价9x畅享play3官网青春版20s新品9i款pro系列x9""",888.0,"""三际数码官方旗舰店""",616人收货,山东 济南,17295.0
"""【限时12期免息】华为旗下/荣耀V30 PRO新品双模麒麟990 5GSOC芯片突破性相机矩阵手机新正品官方""",4199.0,"""荣耀官方旗舰店""",4826人收货,广东 深圳,3027.0
"""【限时24期免息】Apple/苹果 iPhone 11移动联通电信全网通4G 超广角拍照手机苏宁易购官方旗舰店Store苹果11""",5499.0,"""苏宁易购官方旗舰店""",1.0万+人收货,江苏 南京,22900.0
"""【限时24期免息】Apple/苹果 iPhone 8 移动联通电信全网通4G智能手机iphone8 苹果8苏宁易购官方旗舰店""",3499.0,"""苏宁易购官方旗舰店""",860人收货,江苏 南京,4742.0
"""【限时优惠300赠耳机】OPPO Reno Ace骁龙855plus智能游戏手机90Hz全面屏65W超级闪充官方旗舰店renoace r17""",2999.0,"""oppo官方旗舰店""",4407人收货,广东 东莞,14312.0
"""【限时钜惠150 6期免息】Meizu/魅族Note9骁龙675长续航4000mAh大电池4800万双摄学生拍照智能手机官方店正品""",1049.0,"""魅族官方旗舰店""",900人收货,广东 珠海,14718.0
"""【领券减100+送天猫精灵】Xiaomi/小米 红米note8手机 官方旗舰店9se官网RedmiNote8pro小米8青春版 note9pro""",999.0,"""三际数码官方旗舰店""",1003人收货,山东 济南,2274.0
"""【领券减100+送天猫精灵】Xiaomi/小米 红米note8手机 官方旗舰店9se官网RedmiNote8pro小米8青春版 note9pro""",999.0,"""三际数码官方旗舰店""",1019人收货,山东 济南,2293.0
"""【领券至高省300 3期免息】vivo Z5新品智能4G手机官方正品旗舰店官网屏幕指纹vivoz5 vivoz5x vivoz3""",1398.0,"""苏宁易购官方旗舰店""",879人收货,江苏 南京,5237.0
"""一万毫安大电池纽曼P20刘海屏三防军工智能手机电霸防摔超长待机王老年老人机大屏大字备用户外全网通4G正品5""",889.0,"""万诚春数码专营店""",923人收货,广东 深圳,660.0
"""一加7pro OnePlus/一加 GM1910手机官方旗舰官网7t1+7pro 1加7pro""",2149.0,"""品牌机批发店""",985人收货,广东 深圳,7622.0
"""下单减100 vivo Z5X手机全面屏全新正品 vivoz5x手机 vivoz5 z3 z3x vivox27 vivo手机官网  z5xvivo手机 z5x""",1298.0,"""vivo曼尼金专卖店""",682人收货,江苏 南京,5188.0
"""中兴守护宝F6S全网通4G学生价游戏手机全面水滴屏安卓指纹一体手机老人机大屏大声大字超长待机拍照智能手机""",388.0,"""守护宝大秦先锋专卖店""",912人收货,广东 深圳,421.0
"""优惠1200元24期分期当天发Huawei/华为 P30 官方旗舰店正品华为p30 pro直降5g手机p40新荣耀mate30全网通p10""",3388.0,"""同步飞扬数码专营店""",604人收货,广东 深圳,6124.0
"""优惠1850元24期分期当天发Huawei/华为 P30 Pro官方旗舰店正品荣耀p30pro直降mate30 pro全网通5g手机20新p40""",3388.0,"""同步飞扬数码专营店""",723人收货,广东 深圳,6926.0
"""优惠400【当天发+送900元礼】Huawei/华为nova 5i Pro手机9x官方旗舰店nova5ipro正品5prop30直降mate20x荣耀""",1799.0,"""蓝港数码专营店""",584人收货,广东 深圳,799.0
"""优惠500当天发24期免息HUAWEI/华为 Mate 30 5G版手机官方旗舰店正品mate30pro5g全网通荣耀p30直降x折叠机40""",4299.0,"""同步飞扬数码专营店""",586人收货,广东 深圳,1033.0
"""优惠600【当天发+24期分期】Huawei/华为nova 5i Pro手机官方旗舰店新款nova5i pro正品畅享10plus非5g手机5z""",1799.0,"""京合旗舰店""",676人收货,安徽 合肥,785.0
"""优惠700【6期免息】Huawei/华为 nova 5 Pro官方旗舰店正品华为nova5pro手机5g新款6网p30直降mate30荣耀p20""",2499.0,"""京联通达数码旗舰店""",816人收货,北京,4139.0
"""优惠900元/分期免息Huawei/华为nova 5 Pro 手机官方旗舰店官网6se正品P30直降mate30新品5g荣耀V30全网通P20""",2499.0,"""同迅数码专营店""",977人收货,辽宁 大连,2532.0
"""全网通4G天语R7移动联通电信版女超薄老人机超长待机正品按键直板老年手机大屏大字大声音天翼功能小学生备用""",69.0,"""天语强宇专卖店""",9500+人收货,广西 桂林,124748.0
"""关爱心G1军工三防老人机超长待机正品移动电信版联通4G全网通老年手机大屏大字大声音女学生女备用功能小手机""",58.0,"""关爱心旗舰店""",9500+人收货,广东 深圳,14020.0
"""分期Apple/苹果 iPhone 8 Plus 苹果8plus iphone8 iphone8p手机""",2150.0,"""ysdee9""",787人收货,广东 深圳,1508.0
"""分期Apple/苹果 iPhone 8 Plus 苹果8plus国行iPhone8P苹果8X手机""",1838.0,"""华强科技1688""",573人收货,广东 深圳,400.0
"""分期Apple/苹果 iPhone 8 Plus苹果8plus iphone8p苹果8x全新手机""",1040.0,"""ttlg1999""",685人收货,上海,218.0
"""分期Apple/苹果 iPhone 8 Plus苹果8plus iphone8p苹果8x全新手机""",2110.0,"""songhaozhen""",1018人收货,广东 深圳,3775.0
"""分期Apple/苹果 iPhone X iphonex 苹果xr iphonexr 手机x xs max""",3400.0,"""亦儿手机店""",585人收货,广东 深圳,292.0
"""分期Apple/苹果 iPhone7 Plus美版国行正品苹果7P全网通7代4G手机""",1500.0,"""会耍赖的猫888""",3634人收货,广东 深圳,1474.0
"""分期免息 Apple/苹果 iPhone X全新正品iPhonex全网通4G苹果x手机""",3450.0,"""深圳梦幻公主服饰""",3276人收货,广东 深圳,880.0
"""分期免息Apple/苹.果 i.Phone SE 全新5se国行正品三网通4G手机""",880.0,"""q9634137280""",598人收货,广东 深圳,123.0
"""分期免息Apple/苹果 iPhone 7 Plus苹果7正品国行5.5寸7P三网手机""",1880.0,"""90后梦想店铺""",893人收货,广东 深圳,185.0
"""分期免息Apple/苹果 iPhone 8 Plus 全网通4G全新国行iphone8手机""",1048.0,"""雅岛服饰""",652人收货,广东 深圳,251.0
"""分期免息Apple/苹果 iPhone XR苹果xr iPhonexsmax国行双卡4G手机""",2592.19,"""付爱萍1""",1018人收货,广东 深圳,587.0
"""分期免息Apple/苹果 iPhone XR苹果xr iPhonexsmax国行双卡4G手机""",3500.0,"""付爱萍1""",1026人收货,广东 深圳,539.0
"""分期免息Apple/苹果 iPhone XS Max苹果xsmax苹果xr双卡国行手机""",3550.0,"""彩虹色的蜻蜓""",3677人收货,广东 深圳,4457.0
"""分期免息Samsung/三星 GALAXY S9 S9Plus 盖乐世S9港版全网通手机""",1599.0,"""随风飞扬y""",596人收货,广东 深圳,2437.0
"""创星 R9超薄超小迷你卡片手机移动电信版男女高中初中小学生儿童戒网备用非智能学生只可以打电话网红小手机""",128.0,"""阿兰贝尔数码专营店""",919人收货,广东 深圳,10113.0
"""创星 X5三防老人智能手机超长待机安卓全网通4G老年机大字大声大屏新款上市正品送适用oppo小米vivo华为耳机""",399.0,"""蒙奇数码专营店""",1121人收货,广东 深圳,4091.0
"""创星 X5三防老人智能手机超长待机安卓全网通4G老年机大字大声大屏新款上市正品送适用oppo小米vivo华为耳机""",399.0,"""蒙奇数码专营店""",1124人收货,广东 深圳,4102.0
"""创星（手机） X5三防智能手机超长待机路虎全网通4G正品省钱老年老人机大字大声大屏军工oysin便宜诺基亚微信""",399.0,"""佳佳购数码专营店""",1005人收货,广东 深圳,2022.1147540983607
"""创星（手机） Z9翻盖手机老人机超长待机电信版老年手机大字大声音正品女非智能诺基亚学生手机只可以打电话""",139.0,"""慕尚年华数码专营店""",1107人收货,广东 深圳,7180.0
"""创星（手机） Z9翻盖手机老人机超长待机电信版老年手机大字大声音正品女非智能诺基亚学生手机只可以打电话""",139.0,"""慕尚年华数码专营店""",1125人收货,广东 深圳,7167.0
"""华为C2829天翼电信4G老人手机经典直板按键学生备用电信老年机""",25.0,"""阿滨eason""",816人收货,广东 深圳,699.0
"""华为Mate20 pro降价官网正品Huawei/华为 Mate 20 PRO X5G手机p30""",1833.48,"""春江哥""",614人收货,四川 成都,2405.0
"""华为mate30 5G 降价HUAWEI HUAWEI Mate 30 Pro官网正品智能手机""",3427.65,"""中宽通讯行""",572人收货,广东 深圳,1520.0
"""华为mate30Pro现货直降HUAWEI HUAWEI Mate 30 Pro保时捷5g版手机""",3288.0,"""yuzunyi0423""",684人收货,北京,1996.0
"""华为nova5pro 直降990 HUAWEI NOVA5Pro官方旗舰p30新手机6nova5i""",1488.0,"""heatlinda""",909人收货,广东 深圳,4541.0
"""华为nova5z【免息立减230】HUAWEI nova 5z手机官方正品nova5Z 5i""",1467.99,"""白开水的点燃方式""",581人收货,河南 郑州,1380.0
"""华为nova5z【免息立减250】HUAWEI nova 5z手机官方正品nova5i""",1326.67,"""深港通信专卖""",645人收货,广东 深圳,1552.0
"""华为nova5直降1000正品HUAWEI nova 5 Pro官方旗舰店nova5i手机6""",1475.04,"""深港通信专卖""",676人收货,广东 深圳,13225.0
"""华为畅享10【6+64GB直降200。送原装耳机】Huawei/华为畅享10手机官方旗舰授权店正品全网通畅想 10plus""",899.0,"""巨利泰数码专营店""",630人收货,广东 深圳,1692.0
"""华为畅享9 Huawei/华为 畅享9官方授权店官网旗舰正品畅想9plus手机新款 老人学生用 荣耀9X 9Plus""",799.0,"""巨利泰数码专营店""",1005人收货,广东 深圳,2149.0
"""华为荣耀20pro honor/荣耀 荣耀20 pro手机官方直降v20新荣耀20""",1998.0,"""深圳一航""",578人收货,广东 深圳,3789.0
"""华为荣耀9X【直降541元】honor/荣耀 荣耀9xPRO手机官方荣耀9xpro""",897.0,"""wezebaba""",632人收货,广东 深圳,2552.0
"""可12期免息+领券可减160元红米K30手机 Xiaomi/小米 RedmiK30官方旗舰店官网9pro5G版红米K30pro手机尊享5g版""",1599.0,"""广东电信亿品汇专卖店""",695人收货,广东 深圳,265.0
"""可减220元12期花呗分期免息/华为HONOR荣耀20青春版手机官方旗舰店20i正品8x降价9xpro荣耀10青春版20s新款9x""",1099.0,"""三际数码官方旗舰店""",648人收货,山东 济南,510.0
"""可减350元【24期分期/送果汁机/心率手环】华为HONOR荣耀9X系列官方旗舰店手机20s官网20i/8x/9xpro/play3""",1099.0,"""博盛景数码专营店""",1172人收货,广东 深圳,2615.0
"""可减350元当天发免息送礼华为HONOR荣耀9X手机新品直降全网通官方旗舰店官网正品华为荣耀9x/8x/10/20i青春版""",1099.0,"""oksj数码旗舰店""",660人收货,广东 深圳,1439.0
"""可减980元24期分期当天发Huawei/华为 nova 5 Pro官方旗舰店正品荣耀p30直降mate30新款nova6手机5g全网通p20""",2499.0,"""同步飞扬数码专营店""",925人收货,广东 深圳,6216.0
"""可省520元+当天发货/华为honor/荣耀20S全网通手机官方旗舰店正品play3新款20s直降20i官网9x系列x9青春20pro""",1499.0,"""广东电信亿品汇专卖店""",1018人收货,广东 深圳,1106.0
"""可省520元+当天发货/华为honor/荣耀20S全网通手机官方旗舰店正品play3新款20s直降20i官网9x系列x9青春20pro""",1499.0,"""广东电信亿品汇专卖店""",987人收货,广东 深圳,1094.0
"""可省520元领270券/华为HONOR 荣耀20S全网通手机9x官方旗舰店20i直降play3降价青春版10新款20pro青春x9新款""",1499.0,"""三际数码官方旗舰店""",1003人收货,山东 济南,946.0
"""可省520元领270券/华为HONOR 荣耀20S全网通手机9x官方旗舰店20i直降play3降价青春版10新款20pro青春x9新款""",1499.0,"""三际数码官方旗舰店""",985人收货,山东 济南,921.0
"""咨询减30 顺丰当天发honor/华为荣耀10青春版 手机官方旗舰店降价8x荣耀v20 20i 荣耀9x play3官网正品荣耀20""",858.0,"""久汇数码专营店""",1045人收货,广东 深圳,2012.0
"""咨询减30 顺丰当天发honor/华为荣耀10青春版 手机官方旗舰店降价8x荣耀v20 20i 荣耀9x play3官网正品荣耀20""",868.0,"""久汇数码专营店""",1031人收货,广东 深圳,1992.0
"""咨询可减50+选无线充 Xiaomi/小米9手机Plus九pro官网旗舰店cc9顶配9se透明8尊享版mix3官网10红米K20骁龙855""",2899.0,"""能良数码官方旗舰店""",756人收货,上海,6573.0
"""官方Xiaomi/小米 redmi note 7 pro新手机8红米Note7Pro小金刚k20""",799.0,"""品牌机批发店""",600人收货,广东 深圳,10312.0
"""官方直降价2700 Huawei/华为 Mate 20 Pro正品手机mate20x5g版P30""",1956.04,"""国货平价网""",1114人收货,广东 深圳,4025.0
"""官方直降价2700 Huawei/华为 Mate 20 Pro正品手机mate20x5g版P30""",1958.0,"""国货平价网""",1104人收货,广东 深圳,3985.0
"""小米多亲ai手机2小爱同学多亲ai助手qin4G全网通功能备用电信小米直板按键非智能可微信学生老年老人特小手机""",299.0,"""港行先锋数码专营店""",1093人收货,广东 深圳,2724.0
"""小米多亲ai手机2小爱同学多亲ai助手qin4G全网通功能备用电信小米直板按键非智能可微信学生老年老人特小手机""",299.0,"""港行先锋数码专营店""",1112人收货,广东 深圳,2708.0
"""小辣椒 R17超薄微型迷你智能卡片手机男生女生学生儿童移动联通全网通4G正品网红小手机备用超小袖珍抖音同款""",389.0,"""纯林伟业数码专营店""",852人收货,广东 深圳,1331.0
"""小辣椒K3学生手机迷你超薄卡片手机非智能移动电信4G戒网瘾网红小手机女款儿童高中生初中小学生只可以打电话""",128.0,"""纯林伟业数码专营店""",1029人收货,广东 深圳,3522.0
"""小辣椒K3学生手机迷你超薄卡片手机非智能移动电信4G戒网瘾网红小手机女款儿童高中生初中小学生只可以打电话""",128.0,"""纯林伟业数码专营店""",1033人收货,广东 深圳,3516.0
"""小辣椒迷你卡片智能手机网红同款学生价超薄全网通电信4G小手机可爱男女超小可上网全面小屏备用特小袖珍手机""",379.0,"""深圳海创利华数码专营店""",863人收货,广东 深圳,1034.0
"""尼凯恩M9老年机翻盖手机大屏大字大声音联通4G全网通女老人手机超长待机正品男女款电信版移动戒网学生老人机""",168.0,"""尼凯恩旗舰店""",700人收货,广东 深圳,220.0
"""当天发24期免息送礼HUAWEI/华为 Mate 30 Pro 5G手机官方旗舰店正品新款mate30pro5g版x折叠机p30直降mate40""",6399.0,"""同步飞扬数码专营店""",737人收货,广东 深圳,1453.0
"""当天发货+送小爱音箱Xiaomi/小米红米K30手机官网旗舰店RedmiK20 pro尊享版红米K30 pro5g官方正品k30pro手机""",1599.0,"""能良数码官方旗舰店""",761人收货,上海,295.0
"""抢300元优惠 新款上市 OPPO K5 oppok5手机oppok7旗舰新品 oppok3 oppok5 oppor17 oppok6 未来x a5 0ppo手机""",1799.0,"""能良数码官方旗舰店""",902人收货,上海,2574.0
"""新品OnePlus/一加7TPro官方旗舰手机 1+7t官网一加8手机一加七pro""",2149.0,"""69铺小a""",1041人收货,广东 深圳,2348.0
"""新品OnePlus/一加7TPro官方旗舰手机 1+7t官网一加8手机一加七pro""",2149.0,"""69铺小a""",1051人收货,广东 深圳,2330.0
"""新品Xiaomi/小米 小米CC9 PRO官方旗舰美图定制e手机cc9pro尊享版""",2428.0,"""品牌机批发店""",1019人收货,广东 深圳,2227.0
"""新品Xiaomi/小米 小米CC9 PRO官方旗舰美图定制e手机cc9pro尊享版""",2428.0,"""品牌机批发店""",1031人收货,广东 深圳,2177.0
"""新品【200元优惠券+送900元礼】Huawei/华为 nova 4e官方旗舰店手机正品nova4官网Mate20pro荣耀p30直降/5""",1599.0,"""蓝港数码专营店""",1017人收货,广东 深圳,7234.0
"""新品【200元优惠券+送900元礼】Huawei/华为 nova 4e官方旗舰店手机正品nova4官网Mate20pro荣耀p30直降/5""",1599.0,"""蓝港数码专营店""",1024人收货,广东 深圳,7218.0
"""新品上市一加7t手机官网 一加oneplus7T手机全新正品 一加7 骁龙855plus 1+7 1+7t 7pro oneplus官方旗舰店""",3199.0,"""一加创华威专卖店""",1051人收货,广东 深圳,1703.0
"""新品上市一加7t手机官网 一加oneplus7T手机全新正品 一加7 骁龙855plus 1+7 1+7t 7pro oneplus官方旗舰店""",3279.0,"""一加创华威专卖店""",1059人收货,广东 深圳,1693.0
"""新品华为honor/荣耀 荣耀Play3 官方旗舰游戏手机piay3荣耀Paly3e""",517.99,"""龙通店""",571人收货,广东 深圳,923.0
"""新款小辣椒P60全网通4GType-c闪充8+128g后1600万双摄像安卓智能学生游戏拍照手机双卡微商多开正品超长待机""",499.0,"""小辣椒缔盟专卖店""",629人收货,广东 深圳,562.0
"""新款直降200元分期免息Huawei/华为 畅享10 Plus官方旗舰店正品畅想9plus的手机pius价荣耀10plus 2019青春S""",1098.0,"""和来达数码专营店""",708人收货,广东 深圳,542.0
"""朵唯W88 儿童手机小学生可爱卡通男女款定位迷你非智能移动电信版棒棒小孩初中卡片老年老人手机只可以打电话""",78.0,"""纯林伟业数码专营店""",725人收货,广东 深圳,354.0
"""正品 超薄水滴屏安卓大屏游戏4G全网通智能手机电信OWWO/欧沃 X27""",298.0,"""鑫泰达电子科技""",3298人收货,广东 深圳,1474.0
"""正品coolpad/酷派酷玩7c学生价智能手机全网通全面屏游戏新款上市官方旗舰店游戏送适用oppo小米vivo华为耳机""",479.0,"""浩瑜数码专营店""",947人收货,广东 深圳,1525.0
"""正品ivvi P60(i8)学生价4g全面屏安卓大屏游戏电信全网通智能手机""",338.0,"""拓展通讯""",910人收货,广东 深圳,894.0
"""正品ivvi P60(i8)学生价4g全面屏安卓大屏游戏电信全网通智能手机""",348.0,"""拓展通讯""",973人收货,广东 深圳,814.0
"""正品天语Q3全网通4G移动联通电信版男女老人机超长待机军工三防老年手机大屏大字大声音天翼功能小学生备用机""",98.0,"""天语强宇专卖店""",651人收货,广西 桂林,1377.0
"""正品小辣椒红辣椒9E全面水滴屏8核6+128G全网通4G学生价指纹一体超长待机老年人手机500元以下安卓智能手机""",358.0,"""小辣椒搜客专卖店""",597人收货,广东 深圳,585.0
"""正品朵唯小朵S1触屏手写微信QQ全网通4G按键智能手机联通电信版小学生价女款老人手机大字大声老年机超长待机""",298.0,"""鼎峰数码专营店""",686人收货,广东 深圳,1801.0
"""正品直降华为honor/荣耀 荣耀Play3官方千元旗舰手机9x荣耀paly3e""",519.0,"""梅州铭鑫通讯""",737人收货,广东 深圳,889.0
"""正品老人手机大屏大字声老年机超长待机移动电信全网通4G智能手机""",248.0,"""中国网络电子商城""",1110人收货,广东 深圳,650.0
"""正品老人手机大屏大字声老年机超长待机移动电信全网通4G智能手机""",258.0,"""中国网络电子商城""",1096人收货,广东 深圳,614.0
"""现货Xiaomi/小米 Redmi K20 Pro红米k20pro官方旗舰新手机9尊享版""",1288.0,"""绝对诚信qq464547963""",875人收货,广东 深圳,2513.0
"""现货Xiaomi/小米 Redmi K20 Pro红米k20pro官方旗舰新手机尊享版3""",1287.99,"""品牌机批发店""",817人收货,广东 深圳,10846.0
"""现货发顺丰【12期免息】Huawei/华为 P30 Pro曲面屏手机官方旗舰店正品mate20降价nova4e直降新款5i新品上市""",3388.0,"""京合旗舰店""",631人收货,安徽 合肥,815.0
"""现货当天发Xiaomi/小米 Redmi K30 5G红米k30pro官方手机20尊享版""",1437.98,"""绝对诚信qq464547963""",1141人收货,广东 深圳,399.0
"""现货当天发Xiaomi/小米 Redmi K30 5G红米k30pro官方手机20尊享版""",1438.0,"""绝对诚信qq464547963""",1120人收货,广东 深圳,329.0
"""现货直降HUAWEI HUAWEI Mate 30 Pro华为保时捷5G手机mate30prox""",3287.67,"""赛西湖""",573人收货,浙江 杭州,2990.0
"""现货降1600Huawei/华为 Mate 20 Pro UD全面屏保时捷手机mate20x""",1969.0,"""鲁信数码科技公司""",589人收货,河南 郑州,933.0
"""百合BIHEE I100G 移动电信版翻盖老年手机大字大声老人机超长待机""",143.0,"""时创达通讯""",738人收货,广东 深圳,7028.0
"""皓轩 H5军工三防老人机超长待机女款大屏大字大声直板按键移动电信版老年手机正品学生功能天翼备用小手机""",39.0,"""皓轩赛罗敷专卖店""",747人收货,广东 深圳,543.0
"""皓轩（手机）H6老人机超长待机直板女大声按键移动电信老年人手机""",39.0,"""长令科技""",721人收货,广东 深圳,4980.0
"""直降1721+套餐0元 honor/荣耀 荣耀V20 全面屏手机华为荣耀20pro""",1207.0,"""wezebaba""",867人收货,广东 深圳,2267.0
"""直降500元/官网HUAWEI 华为畅享10 plus 官方正品旗舰新手机畅想9""",948.0,"""龙通店""",683人收货,广东 深圳,2864.0
"""直降500元畅享10plus官网HUAWEI 华为畅享10 plus官方旗舰店手机9""",947.05,"""国货平价网""",921人收货,广东 深圳,6420.0
"""直降800】华为honor/荣耀 荣耀20i 全面屏官方新手机荣耀20pro 9x""",857.99,"""龙通店""",815人收货,广东 深圳,9511.0
"""硕王 S3老人机超长待机4G全网通正品军工三防老年机大屏大字大声直板按键移动联通电信版学生功能老年人手机""",69.0,"""硕王益家专卖店""",1163人收货,广东 深圳,2010.0
"""立省500元 新品vivo Z5手机 vivoz5 限量版 z5vivo vivoz5x手机 vivox27 iqoopro nex3 5g x23pro vivo手机""",1398.0,"""三际数码官方旗舰店""",627人收货,山东 济南,3402.0
"""索品 S2 老年手机超长待机按键直板老人手机大屏大字大声移动电信版正品非智能功能机女款学生天翼备用小手机""",45.0,"""索品数码专营店""",651人收货,广东 深圳,13932.0
"""纽曼 F9老年机翻盖手机大屏大字大声音联通4G全网通女老人手机超长待机正品男女款电信版移动戒网学生老人机""",168.0,"""慕尚年华数码专营店""",4605人收货,广东 深圳,96316.0
"""纽曼P308全新水滴屏6.53英寸大屏超薄全网通4G八核安卓手机6+128G内存游戏学生手机老人老年大字双卡智能手机""",388.0,"""锦万数码专营""",594人收货,广东 深圳,489.0
"""纽曼W560儿童手机 小学生可爱卡通男女款超薄迷你非智能移动电信版老人机小孩初中卡片老年手机只可以打电话""",78.0,"""深圳易乐购数码专营店""",4340人收货,广东 深圳,23167.0
"""老人智能手机大字大声大屏老年机电信版联通移动天翼超长待机K-Touch/天语X27便宜学生价手机4g全网通老人机""",369.0,"""博科雅创数码专营店""",1078人收货,广东 深圳,981.0
"""老人智能手机大字大声大屏老年机电信版联通移动天翼超长待机K-Touch/天语X27便宜学生价手机4g全网通老人机""",399.0,"""博科雅创数码专营店""",1050人收货,广东 深圳,956.0
"""花呗分期Apple/iPhone 6splus 苹.果6sp 苹.果6s手机全网通正品4G""",850.0,"""yulong0806""",722人收货,广东 深圳,343.0
"""花呗分期Apple/苹.果6s plus国行正品苹.果6s手机6sp全新三网通4g""",670.0,"""维亮灯饰""",714人收货,浙江 杭州,219.0
"""花呗分期Apple/苹.果6s plus国行正品苹.果6s手机6sp全新三网通4g""",855.0,"""柔情沫殇""",716人收货,广东 深圳,434.0
"""花呗分期Apple/苹.果6s plus国行正品苹.果6s手机6sp全新三网通4g""",865.0,"""许允斯xys""",738人收货,广东 深圳,243.0
"""荣耀9X【直降】华为honor/荣耀 荣耀9X PRO手机官方新品 华为9x""",909.0,"""深圳一航""",773人收货,广东 深圳,2109.0
"""荣耀9x[直降541]华为honor/荣耀 荣耀9xpro手机新品华为荣耀9xpro""",957.99,"""白开水的点燃方式""",987人收货,河南 郑州,6295.0
"""荣耀9x[直降541]华为honor/荣耀 荣耀9xpro手机新品华为荣耀9xpro""",958.0,"""白开水的点燃方式""",1010人收货,河南 郑州,6259.0
"""诺基亚翻盖老人机电信移动4G全网通超长待机老年手机大字大声大屏""",178.0,"""华强北品牌数码""",782人收货,广东 深圳,2073.0
"""诺基亚老年手机全网通超长待机老人机简单移动联通电信版天翼华为""",118.0,"""映映萍萍""",576人收货,广东 广州,569.0
"""诺基亚超薄移动双卡翻盖老年机大字大声 老人手机电信超长待机4G""",208.0,"""chen_xuanbin""",706人收货,广东 深圳,1427.0
"""降价华为mate30急速发HUAWEI HUAWEI Mate 30 Pro5G智能正品手机""",3397.32,"""苏苏通讯""",654人收货,广东 深圳,1763.0
"""限时直降现货送礼华为honor/荣耀8X手机全网通官方旗舰店正品华为荣耀9x/20i/10青春版8xmax降价v30非5g畅享9""",868.0,"""oksj数码旗舰店""",1073人收货,广东 深圳,1059.0
"""限时直降现货送礼华为honor/荣耀8X手机全网通官方旗舰店正品华为荣耀9x/20i/10青春版8xmax降价v30非5g畅享9""",878.0,"""oksj数码旗舰店""",1039人收货,广东 深圳,1043.0
"""雷神加速器10小时steam吃鸡网络游戏加速吃鸡神器 填手机号自动充""",2.5,"""福禄网游数卡专营店""",3353人收货,湖北 武汉,1277.0
"""雷神加速器3小时steam网游戏加速手游吃鸡神器雷神NN加速填手机号""",0.8,"""福禄网游数卡专营店""",650人收货,湖北 武汉,493.0
"""领券可减160元+可送小爱音箱 Xiaomi/红米K30手机 小米官方旗舰店RedmiK30官网尊享版非5G全网通redmik30pro""",1599.0,"""魅立数码专营店""",647人收货,广东 深圳,247.0
"""飞利浦E331K老人机超长待机直板按键大屏大字大声音移动电信版4G全网通小学生男女款迷你功能备用机老年手机""",98.0,"""优机汇数码专营店""",1007人收货,广东 深圳,1712.0
"""飞利浦E331K老人机超长待机直板按键大屏大字大声音移动电信版4G全网通小学生男女款迷你功能备用机老年手机""",98.0,"""优机汇数码专营店""",1027人收货,广东 深圳,1694.0
